edge_index,q_edge
0,0.0010850585494512899
1,0.4375993286473278
2,0.8741135987452043
3,1.3106278688430808
4,1.7471421389409574
5,2.183656409038834
6,2.6201706791367103
7,3.056684949234587
8,3.4931992193324635
9,3.92971348943034
10,4.366227759528217
11,4.802742029626093
12,5.239256299723969
13,5.675770569821846
14,6.112284839919723
15,6.548799110017599
16,6.985313380115476
17,7.421827650213352
18,7.858341920311228
19,8.294856190409105
20,8.731370460506982
21,9.167884730604857
22,9.604399000702735
23,10.040913270800612
24,10.477427540898487
25,10.913941810996365
26,11.35045608109424
27,11.786970351192117
28,12.223484621289995
29,12.65999889138787
30,13.096513161485747
31,13.533027431583623
32,13.9695417016815
33,14.406055971779377
34,14.842570241877253
35,15.27908451197513
36,15.715598782073005
37,16.152113052170883
38,16.588627322268756
39,17.025141592366637
40,17.46165586246451
41,17.89817013256239
42,18.334684402660265
43,18.77119867275814
44,19.20771294285602
45,19.644227212953894
46,20.080741483051774
47,20.517255753149648
48,20.95377002324752
49,21.390284293345402
50,21.826798563443276
51,22.263312833541157
52,22.69982710363903
53,23.136341373736904
54,23.572855643834785
55,24.00936991393266
56,24.44588418403054
57,24.882398454128413
58,25.318912724226287
59,25.755426994324168
60,26.19194126442204
61,26.628455534519922
62,27.064969804617796
63,27.50148407471567
64,27.93799834481355
65,28.374512614911424
66,28.811026885009305
67,29.24754115510718
68,29.684055425205052
69,30.120569695302933
70,30.557083965400807
71,30.993598235498688
72,31.43011250559656
73,31.866626775694435
74,32.30314104579231
75,32.73965531589019
76,33.17616958598806
77,33.612683856085944
78,34.04919812618382
79,34.48571239628169
80,34.92222666637957
81,35.358740936477446
82,35.79525520657533
83,36.2317694766732
84,36.668283746771074
85,37.104798016868955
86,37.54131228696683
87,37.97782655706471
88,38.41434082716258
89,38.85085509726046
90,39.28736936735834
91,39.72388363745621
92,40.16039790755409
93,40.596912177651966
94,41.03342644774984
95,41.46994071784772
96,41.906454987945594
97,42.342969258043475
98,42.77948352814135
99,43.21599779823922
100,43.6525120683371
101,44.08902633843498
102,44.52554060853286
103,44.96205487863073
104,45.398569148728605
105,45.835083418826486
106,46.27159768892436
107,46.70811195902224
108,47.144626229120114
109,47.58114049921799
110,48.01765476931587
111,48.45416903941374
112,48.89068330951162
113,49.327197579609496
114,49.76371184970737
115,50.20022611980525
116,50.636740389903125
117,51.073254660001005
118,51.50976893009888
119,51.94628320019675
120,52.38279747029463
121,52.81931174039251
122,53.25582601049039
123,53.69234028058826
124,54.128854550686135
125,54.565368820784016
126,55.00188309088189
127,55.43839736097977
128,55.874911631077644
129,56.31142590117552
130,56.7479401712734
131,57.18445444137127
132,57.62096871146915
133,58.05748298156703
134,58.4939972516649
135,58.93051152176278
136,59.367025791860655
137,59.803540061958536
138,60.24005433205641
139,60.67656860215428
140,61.113082872252164
141,61.54959714235004
142,61.98611141244792
143,62.42262568254579
144,62.859139952643666
145,63.29565422274155
146,63.73216849283942
147,64.1686827629373
148,64.60519703303517
149,65.04171130313306
150,65.47822557323093
151,65.9147398433288
152,66.35125411342668
153,66.78776838352455
154,67.22428265362244
155,67.66079692372031
156,68.09731119381819
157,68.53382546391606
158,68.97033973401393
159,69.40685400411182
160,69.8433682742097
161,70.27988254430757
162,70.71639681440544
163,71.15291108450332
164,71.5894253546012
165,72.02593962469908
166,72.46245389479695
167,72.89896816489482
168,73.3354824349927
169,73.77199670509059
170,74.20851097518846
171,74.64502524528633
172,75.08153951538421
173,75.51805378548208
174,75.95456805557997
175,76.39108232567784
176,76.82759659577572
177,77.26411086587359
178,77.70062513597146
179,78.13713940606935
180,78.57365367616723
181,79.0101679462651
182,79.44668221636297
183,79.88319648646085
184,80.31971075655873
185,80.75622502665661
186,81.19273929675448
187,81.62925356685236
188,82.06576783695023
189,82.50228210704812
190,82.93879637714599
191,83.37531064724386
192,83.81182491734174
