tracer,q_bin_center,empirical_log_density_derivative_dq,fixed_d_sigma_q_dq,q_derivative_residual,derivative_sign_empirical,derivative_sign_fixed
BGS,0.21934219359838955,1.35967454048644,0.27298631661354134,1.0866882238728988,1.0,1.0
BGS,0.655856463696266,0.5188903134548045,0.22513032017254223,0.2937599932822623,1.0,1.0
BGS,1.0923707337941426,-0.07836856469471142,0.18861881158036223,-0.26698737627507363,-1.0,1.0
BGS,1.528885003892019,-0.08263963003434434,0.15984535607452494,-0.24248498610886926,-1.0,1.0
BGS,1.9653992739898958,-0.37964214334569607,0.13658570877938583,-0.5162278521250819,-1.0,1.0
BGS,2.401913544087772,-0.35929453261993166,0.11739354551599818,-0.47668807813592984,-1.0,1.0
BGS,2.838427814185649,-0.11836226584502718,0.10128771507454676,-0.21964998091957394,-1.0,1.0
BGS,3.2749420842835253,0.248377727957875,0.08757914350945012,0.16079858444842487,1.0,1.0
BGS,3.7114563543814016,0.17984417574204775,0.07576967744057639,0.10407449830147136,1.0,1.0
BGS,4.147970624479278,0.015391045218081517,0.06549024491758054,-0.050099199699499025,1.0,1.0
BGS,4.584484894577155,0.11320864686483269,0.05646158960670772,0.05674705725812497,1.0,1.0
BGS,5.020999164675031,-0.018468516836272944,0.04846851628157353,-0.06693703311784648,-1.0,1.0
BGS,5.457513434772908,-0.12722639337982464,0.04134251772780759,-0.16856891110763222,-1.0,1.0
BGS,5.894027704870784,-0.055990898661716366,0.03494976457706529,-0.09094066323878167,-1.0,1.0
BGS,6.330541974968661,-0.006527320929874058,0.029182621169661457,-0.03570994209953551,-1.0,1.0
BGS,6.767056245066538,-0.018848674749687308,0.023953536055816974,-0.04280221080550428,-1.0,1.0
BGS,7.203570515164413,-0.07444422141224481,0.01919056628045497,-0.09363478769269978,-1.0,1.0
BGS,7.640084785262291,-0.02488167475194568,0.014834047481786461,-0.03971572223373214,-1.0,1.0
BGS,8.076599055360166,0.03304381668712031,0.010834081582606694,0.022209735104513614,1.0,1.0
BGS,8.513113325458043,-0.018108478154000643,0.007148617080090333,-0.025257095234090976,-1.0,1.0
BGS,8.94962759555592,-0.05218014303343311,0.0037419650248466663,-0.055922108058279775,-1.0,1.0
BGS,9.386141865653796,-0.03971430973994719,0.0005836395313439519,-0.04029794927129114,-1.0,1.0
BGS,9.822656135751673,0.04438552759714564,-0.002352557066705549,0.04673808466385119,1.0,-1.0
BGS,10.259170405849549,0.05895844859953916,-0.005089262591838575,0.06404771119137773,1.0,-1.0
BGS,10.695684675947426,-0.12038917681022908,-0.007646139814165759,-0.11274303699606332,-1.0,-1.0
BGS,11.132198946045303,-0.1516325614647619,-0.010040349630194581,-0.14159221183456733,-1.0,-1.0
BGS,11.568713216143179,-0.011083928586134646,-0.012286936715551422,0.0012030081294167761,-1.0,-1.0
BGS,12.005227486241056,-0.03349300865894916,-0.014399145975167976,-0.01909386268378118,-1.0,-1.0
BGS,12.441741756338931,0.044977751002765895,-0.016388683857765624,0.06136643486053152,1.0,-1.0
BGS,12.878256026436809,0.15759761637503128,-0.01826593542583367,0.17586355180086494,1.0,-1.0
BGS,13.314770296534686,-0.1521871696950392,-0.020040145681050003,-0.1321470240139892,-1.0,-1.0
BGS,13.751284566632561,-0.30461899827115335,-0.021719571828712925,-0.2828994264424404,-1.0,-1.0
BGS,14.187798836730439,0.05947985494394615,-0.023311611773678236,0.08279146671762438,1.0,-1.0
BGS,14.624313106828314,0.22340679622980422,-0.024822913066682446,0.24822970929648666,1.0,-1.0
BGS,15.060827376926191,-0.01121818144609021,-0.026259465685272716,0.015041284239182506,-1.0,-1.0
BGS,15.497341647024069,-0.06699149589767533,-0.027626681380190442,-0.03936481451748489,-1.0,-1.0
BGS,15.933855917121944,-0.10611141710935013,-0.02892946180324886,-0.07718195530610127,-1.0,-1.0
BGS,16.37037018721982,-0.6066405762278761,-0.030172257224605238,-0.5764683190032709,-1.0,-1.0
BGS,16.806884457317697,-0.29260405093055863,-0.031359117321850566,-0.26124493360870804,-1.0,-1.0
BGS,17.243398727415574,0.15099185655766806,-0.03249373526233157,0.18348559181999963,1.0,-1.0
BGS,17.67991299751345,-0.04192985304149803,-0.033579486089698844,-0.008350366951799186,-1.0,-1.0
BGS,18.11642726761133,-0.406305183802035,-0.03461946025517502,-0.37168572354685997,-1.0,-1.0
BGS,18.552941537709202,0.17377062995309536,-0.03561649299521845,0.2093871229483138,1.0,-1.0
BGS,18.98945580780708,0.4844927791995556,-0.03657319014371101,0.5210659693432665,1.0,-1.0
BGS,19.425970077904957,-0.028316702806862597,-0.03749195087351259,0.009175248066649995,-1.0,-1.0
BGS,19.862484348002834,-0.26312463556567817,-0.03837498778526266,-0.2247496477804155,-1.0,-1.0
BGS,20.29899861810071,0.11909193867301997,-0.039224344697554654,0.15831628337057463,1.0,-1.0
BGS,20.735512888198585,0.5393608016396977,-0.0400419124395937,0.5794027140792913,1.0,-1.0
BGS,21.172027158296462,0.9469089899387556,-0.040829442903196886,0.9877384328419525,1.0,-1.0
BGS,21.60854142839434,-0.21316860911801502,-0.0415885615739285,-0.1715800475440865,-1.0,-1.0
BGS,22.045055698492217,-0.29631853217596155,-0.04232077873000668,-0.2539977534459549,-1.0,-1.0
BGS,22.481569968590094,1.060411467901311,-0.043027499471344224,1.1034389673726552,1.0,-1.0
BGS,22.918084238687968,0.11198278666119495,-0.04371003271885847,0.15569281938005342,1.0,-1.0
BGS,23.354598508785845,-0.6793176794311714,-0.04436959930532414,-0.6349480801258472,-1.0,-1.0
BGS,23.791112778883722,-0.8542571974544414,-0.04500733926298918,-0.8092498581914522,-1.0,-1.0
BGS,24.2276270489816,-0.05875328471626933,-0.04562431839947329,-0.01312896631679604,-1.0,-1.0
BGS,24.664141319079476,0.35927526353803846,-0.04622153424174188,0.4054967977797803,1.0,-1.0
BGS,25.10065558917735,0.20289765530722045,-0.04679992141788575,0.2496975767251062,1.0,-1.0
BGS,25.973684129373105,-0.7688215547449361,-0.047903662626226653,-0.7209178921187094,-1.0,-1.0
BGS,26.410198399470982,-1.0983035515401969,-0.04843061315573851,-1.0498729383844583,-1.0,-1.0
BGS,26.84671266956886,0.3005219788217689,-0.04894193572051244,0.3494639145422813,1.0,-1.0
BGS,27.283226939666733,1.0027950943706667,-0.049438315388301894,1.0522334097589685,1.0,-1.0
BGS,27.71974120976461,0.6097606660439838,-0.04992039776265446,0.6596810638066383,1.0,-1.0
BGS,28.592769749960365,-0.06490548709986958,-0.05084407229725054,-0.014061414802619042,-1.0,-1.0
BGS,29.465798290156116,-0.6097606660439977,-0.051717435618509985,-0.5580432304254878,-1.0,-1.0
BGS,29.902312560253993,-0.7523001896842967,-0.05213651786979934,-0.7001636718144973,-1.0,-1.0
BGS,30.33882683035187,0.49343508975761774,-0.052544489314405154,0.5459795790720229,1.0,-1.0
BGS,30.775341100449747,1.5879141371587346,-0.052941786030088596,1.6408559231888233,1.0,-1.0
BGS,31.211855370547624,1.8145112462126773,-0.053328821569023244,1.8678400677817006,1.0,-1.0
BGS,31.648369640645498,0.5993482683249126,-0.053705988393700596,0.6530542567186132,1.0,-1.0
BGS,32.08488391074337,-1.258392180880821,-0.0540736592043793,-1.2043185216764416,-1.0,-1.0
BGS,32.521398180841246,0.07647596067969423,-0.05443218816751631,0.13090814884721053,1.0,-1.0
BGS,33.83094099113488,0.4493916099429243,-0.055456210952832985,0.5048478208957573,1.0,-1.0
BGS,34.70396953133063,-0.309623408200951,-0.05609894039571225,-0.2535244678052388,-1.0,-1.0
BGS,35.14048380142851,-1.5879141371587209,-0.05640915137985168,-1.5315049857788692,-1.0,-1.0
BGS,35.57699807152639,-0.5293047123862459,-0.05671226670796563,-0.47259244567828024,-1.0,-1.0
BGS,36.45002661172214,0.4011180377482732,-0.057298162440506804,0.45841620018878,1.0,-1.0
BGS,37.75956942201577,0.5572298210946734,-0.058129468537293574,0.6153592896319671,1.0,-1.0
BGS,39.942140772505155,0.5267174924768199,-0.05940122216010982,0.5861187146369297,1.0,-1.0
BGS,40.8151693127009,-0.9527484822952421,-0.05987411284740199,-0.8928743694478402,-1.0,-1.0
BGS,42.12471212299454,0.0,-0.060548825796998496,0.060548825796998496,0.0,-1.0
BGS,50.41848325485419,0.2507232848145394,-0.06404786069504693,0.31477114550958635,1.0,-1.0
LRG,0.21934219359838955,0.6527577771261057,0.27298631661354134,0.3797714605125644,1.0,1.0
LRG,0.655856463696266,0.1475963963991398,0.22513032017254223,-0.07753392377340243,1.0,1.0
LRG,1.0923707337941426,0.0622813050600179,0.18861881158036223,-0.1263375065203443,1.0,1.0
LRG,1.528885003892019,0.15531893187004955,0.15984535607452494,-0.004526424204475382,1.0,1.0
LRG,1.9653992739898958,-0.1513645055556215,0.13658570877938583,-0.28795021433500734,-1.0,1.0
LRG,2.401913544087772,-0.11318169328549903,0.11739354551599818,-0.23057523880149722,-1.0,1.0
LRG,2.838427814185649,-0.023600100693265524,0.10128771507454676,-0.12488781576781229,-1.0,1.0
LRG,3.2749420842835253,0.015369599119051404,0.08757914350945012,-0.07220954439039871,1.0,1.0
LRG,3.7114563543814016,-0.05884482201836344,0.07576967744057639,-0.13461449945893983,-1.0,1.0
LRG,4.147970624479278,-0.03267806745995653,0.06549024491758054,-0.09816831237753706,-1.0,1.0
LRG,4.584484894577155,0.00961752468039368,0.05646158960670772,-0.04684406492631404,1.0,1.0
LRG,5.020999164675031,0.026610745359520856,0.04846851628157353,-0.021857770922052676,1.0,1.0
LRG,5.457513434772908,0.029838700352929553,0.04134251772780759,-0.011503817374878034,1.0,1.0
LRG,5.894027704870784,0.0057947765070816394,0.03494976457706529,-0.029154988069983654,1.0,1.0
LRG,6.330541974968661,0.022007296392499074,0.029182621169661457,-0.007175324777162383,1.0,1.0
LRG,6.767056245066538,-0.07822726621268898,0.023953536055816974,-0.10218080226850595,-1.0,1.0
LRG,7.203570515164413,-0.11406416348664233,0.01919056628045497,-0.1332547297670973,-1.0,1.0
LRG,7.640084785262291,-0.03819710293939932,0.014834047481786461,-0.05303115042118578,-1.0,1.0
LRG,8.076599055360166,-0.027361899176977254,0.010834081582606694,-0.03819598075958395,-1.0,1.0
LRG,8.513113325458043,-0.032067919748151805,0.007148617080090333,-0.03921653682824214,-1.0,1.0
LRG,8.94962759555592,-0.029320385519780574,0.0037419650248466663,-0.033062350544627236,-1.0,1.0
LRG,9.386141865653796,-0.004570075660032442,0.0005836395313439519,-0.005153715191376394,-1.0,1.0
LRG,9.822656135751673,-0.01163562655751592,-0.002352557066705549,-0.009283069490810371,-1.0,-1.0
LRG,10.259170405849549,-0.02169521105155255,-0.005089262591838575,-0.016605948459713974,-1.0,-1.0
LRG,10.695684675947426,-0.03916548304334154,-0.007646139814165759,-0.03151934322917578,-1.0,-1.0
LRG,11.132198946045303,-0.018533103604308855,-0.010040349630194581,-0.008492753974114274,-1.0,-1.0
LRG,11.568713216143179,0.0058403354250708694,-0.012286936715551422,0.01812727214062229,1.0,-1.0
LRG,12.005227486241056,-0.01951782828455639,-0.014399145975167976,-0.005118682309388414,-1.0,-1.0
LRG,12.441741756338931,-0.016700921668509526,-0.016388683857765624,-0.0003122378107439025,-1.0,-1.0
LRG,12.878256026436809,0.0006240811237404862,-0.01826593542583367,0.018890016549574156,1.0,-1.0
LRG,13.314770296534686,-0.002184702978736663,-0.020040145681050003,0.01785544270231334,-1.0,-1.0
LRG,13.751284566632561,-0.02531701668867764,-0.021719571828712925,-0.0035974448599647157,-1.0,-1.0
LRG,14.187798836730439,0.009532915187340054,-0.023311611773678236,0.03284452696101829,1.0,-1.0
LRG,14.624313106828314,-0.019746498361564405,-0.024822913066682446,0.005076414705118042,-1.0,-1.0
LRG,15.060827376926191,-0.05976875652193808,-0.026259465685272716,-0.033509290836665366,-1.0,-1.0
LRG,15.497341647024069,0.03733857611342951,-0.027626681380190442,0.06496525749361995,1.0,-1.0
LRG,15.933855917121944,0.02649093134536179,-0.02892946180324886,0.05542039314861065,1.0,-1.0
LRG,16.37037018721982,-0.07633271334632992,-0.030172257224605238,-0.04616045612172468,-1.0,-1.0
LRG,16.806884457317697,0.009031767312231398,-0.031359117321850566,0.04039088463408196,1.0,-1.0
LRG,17.243398727415574,0.08241953572863385,-0.03249373526233157,0.11491327099096542,1.0,-1.0
LRG,17.67991299751345,-0.11910371549706802,-0.033579486089698844,-0.08552422940736917,-1.0,-1.0
LRG,18.11642726761133,-0.10758908856924985,-0.03461946025517502,-0.07296962831407483,-1.0,-1.0
LRG,18.552941537709202,0.10756808996673778,-0.03561649299521845,0.14318458296195624,1.0,-1.0
LRG,18.98945580780708,-0.10893307370862002,-0.03657319014371101,-0.07235988356490901,-1.0,-1.0
LRG,19.425970077904957,-0.10759023237646773,-0.03749195087351259,-0.07009828150295513,-1.0,-1.0
LRG,19.862484348002834,0.25812423581711763,-0.03837498778526266,0.2964992236023803,1.0,-1.0
LRG,20.29899861810071,-0.025314575621656316,-0.039224344697554654,0.013909769075898339,-1.0,-1.0
LRG,20.735512888198585,0.1408820393867191,-0.0400419124395937,0.1809239518263128,1.0,-1.0
LRG,21.172027158296462,0.24896589321236684,-0.040829442903196886,0.28979533611556374,1.0,-1.0
LRG,21.60854142839434,-0.10511431446968664,-0.0415885615739285,-0.06352575289575814,-1.0,-1.0
LRG,22.045055698492217,0.30044314168316805,-0.04232077873000668,0.3427639204131747,1.0,-1.0
LRG,22.481569968590094,0.06868442669025286,-0.043027499471344224,0.11171192616159709,1.0,-1.0
LRG,22.918084238687968,-0.05329258368068004,-0.04371003271885847,-0.009582550961821569,-1.0,-1.0
LRG,23.354598508785845,-0.45800730158234404,-0.04436959930532414,-0.4136377022770199,-1.0,-1.0
LRG,23.791112778883722,-1.106559397788759,-0.04500733926298918,-1.0615520585257696,-1.0,-1.0
LRG,24.2276270489816,0.7822832529599555,-0.04562431839947329,0.8279075713594288,1.0,-1.0
LRG,24.664141319079476,0.9886235895083806,-0.04622153424174188,1.0348451237501224,1.0,-1.0
LRG,25.10065558917735,-1.004676915368108,-0.04679992141788575,-0.9578769939502223,-1.0,-1.0
LRG,25.537169859275227,0.1664557270331643,-0.04736035653777972,0.21381608357094403,1.0,-1.0
LRG,25.973684129373105,0.6758216633716333,-0.047903662626226653,0.72372532599786,1.0,-1.0
LRG,26.410198399470982,-1.0944790474011155,-0.04843061315573851,-1.0460484342453769,-1.0,-1.0
LRG,26.84671266956886,0.1655262574072756,-0.04894193572051244,0.21446819312778806,1.0,-1.0
LRG,27.283226939666733,1.0302320450769076,-0.049438315388301894,1.0796703604652094,1.0,-1.0
LRG,27.71974120976461,0.08319228500141676,-0.04992039776265446,0.13311268276407123,1.0,-1.0
LRG,28.156255479862487,-0.9078524252717047,-0.05038879178430017,-0.8574636334874046,-1.0,-1.0
LRG,28.592769749960365,-0.8079544475562734,-0.05084407229725054,-0.7571103752590229,-1.0,-1.0
LRG,29.029284020058242,0.8824106639316756,-0.051286782402345674,0.9336974463340212,1.0,-1.0
LRG,29.465798290156116,0.793957068579351,-0.051717435618509985,0.8456745041978609,1.0,-1.0
LRG,29.902312560253993,0.29054461133051146,-0.05213651786979934,0.3426811292003108,1.0,-1.0
LRG,30.33882683035187,-1.177265334153958,-0.052544489314405154,-1.124720844839553,-1.0,-1.0
LRG,30.775341100449747,0.03519992723737253,-0.052941786030088596,0.08814171326746112,1.0,-1.0
LRG,31.211855370547624,-0.21277198933373132,-0.053328821569023244,-0.15944316776470807,-1.0,-1.0
LRG,31.648369640645498,-0.3930057384564573,-0.053705988393700596,-0.3392997500627567,-1.0,-1.0
LRG,32.08488391074337,0.23131127376238128,-0.0540736592043793,0.2853849329667606,1.0,-1.0
LRG,32.521398180841246,0.16431614923197868,-0.05443218816751631,0.218748337399495,1.0,-1.0
LRG,32.957912450939126,1.0558012025012766,-0.05478191205369137,1.110583114554968,1.0,-1.0
LRG,33.39442672103701,0.5943938944793882,-0.055123151292709935,0.6495170457720981,1.0,-1.0
LRG,33.83094099113488,-0.012238889804913475,-0.055456210952832985,0.04321732114791951,-1.0,-1.0
LRG,34.267455261232755,-1.036441885199927,-0.05578138165042372,-0.9806605035495034,-1.0,-1.0
LRG,34.70396953133063,0.5363696463373324,-0.05609894039571225,0.5924685867330447,1.0,-1.0
LRG,35.14048380142851,0.08767190715800884,-0.05640915137985168,0.14408105853786052,1.0,-1.0
LRG,35.57699807152639,-2.7695497090655117,-0.05671226670796563,-2.712837442357546,-1.0,-1.0
LRG,36.01351234162426,-0.11742521441806904,-0.05700852708246219,-0.060416687335606845,-1.0,-1.0
LRG,36.45002661172214,0.2959945502969593,-0.057298162440506804,0.3532927127374661,1.0,-1.0
LRG,36.88654088182001,0.3912972146878879,-0.05758139254920216,0.44887860723709005,1.0,-1.0
LRG,37.32305515191789,2.7133528509893576,-0.05785842756171305,2.7712112785510707,1.0,-1.0
LRG,37.75956942201577,-0.5466940418325483,-0.058129468537293574,-0.48856457329525477,-1.0,-1.0
LRG,38.196083692113646,-0.8249167350088845,-0.05839470792792108,-0.7665220270809634,-1.0,-1.0
LRG,38.63259796221152,-0.8522828713255887,-0.058654330034012075,-0.7936285412915766,-1.0,-1.0
LRG,39.069112232309394,-0.5851190427880523,-0.058908511431487814,-0.5262105313565645,-1.0,-1.0
LRG,39.505626502407274,1.0993636515006493,-0.059157421372269176,1.1585210728729185,1.0,-1.0
LRG,39.942140772505155,0.4195102199897864,-0.05940122216010982,0.4789114421498962,1.0,-1.0
LRG,40.37865504260303,0.02141067806096912,-0.05964006950352114,0.08105074756449027,1.0,-1.0
LRG,40.8151693127009,0.28629275328487797,-0.05987411284740199,0.34616686613228,1.0,-1.0
LRG,41.251683582798776,-1.0961403064675392,-0.06010349568485694,-1.0360368107826823,-1.0,-1.0
LRG,41.68819785289666,-0.3505397556090848,-0.06032835585057067,-0.2902113997585141,-1.0,-1.0
LRG,42.12471212299454,0.06946834993911223,-0.060548825796998496,0.1300171757361107,1.0,-1.0
LRG,42.997740663190285,-0.8794841260086967,-0.0609770994767426,-0.8185070265319542,-1.0,-1.0
LRG,43.43425493328816,2.1082353538920855,-0.061185143471608,2.1694204973636935,1.0,-1.0
LRG,43.87076920338604,0.14732322243812737,-0.061389278219785036,0.20871250065791241,1.0,-1.0
LRG,44.30728347348392,-0.46443511230142476,-0.06158961288063245,-0.4028454994207923,-1.0,-1.0
LRG,44.743797743581794,2.180544275225207,-0.06178625258685806,2.242330527812065,1.0,-1.0
LRG,45.18031201367967,-1.8312358437924215e-14,-0.061979298628490116,0.061979298628471804,-1.0,-1.0
LRG,45.61682628377754,-0.6581015530411776,-0.0621688486268536,-0.595932704414324,-1.0,-1.0
LRG,46.05334055387542,-0.2555970865101084,-0.062354996699179294,-0.19324208981092908,-1.0,-1.0
LRG,46.4898548239733,0.36839280507074235,-0.06253783361442866,0.430930638685171,1.0,-1.0
LRG,47.36288336416905,-0.7413113260043483,-0.0628939211859579,-0.6784174048183904,-1.0,-1.0
LRG,47.799397634266924,-1.5411550764399387,-0.06306733792884069,-1.478087738511098,-1.0,-1.0
LRG,48.235911904364805,0.5177209025053263,-0.0632377759461742,0.5809586784515005,1.0,-1.0
LRG,48.672426174462686,1.0317950718268745,-0.06340531133140753,1.095200383158282,1.0,-1.0
LRG,49.10894044456056,0.12102072494665721,-0.06357001760806547,0.1845907425547227,1.0,-1.0
LRG,50.41848325485419,0.30243423089128046,-0.06404786069504693,0.3664820915863274,1.0,-1.0
LRG,50.85499752495207,-0.24204144989329512,-0.06420193802922962,-0.1778395118640655,-1.0,-1.0
LRG,51.29151179504994,-0.9121482060788173,-0.06435351890783016,-0.8477946871709872,-1.0,-1.0
LRG,51.728026065147816,0.1765700349185365,-0.06450266351692219,0.2410726984354587,1.0,-1.0
LRG,52.16454033524569,0.3324198856547644,-0.06464943012333273,0.3970693157780971,1.0,-1.0
LRG,53.03756887544145,-0.08828501745926753,-0.06493605325099527,-0.02334896420827226,-1.0,-1.0
LRG,53.9105974156372,-0.5293047123862487,-0.06521381883681401,-0.46409089354943467,-1.0,-1.0
LRG,54.34711168573507,0.5293047123862311,-0.06534950737665628,0.5946542197628873,1.0,-1.0
LRG,55.220140225930834,0.0363906315452833,-0.06561473714082197,0.10200536868610527,1.0,-1.0
LRG,56.966197306322336,-0.2952283856589768,-0.06612186897832255,-0.22910651668065424,-1.0,-1.0
LRG,57.40271157642022,1.202506076448866,-0.06624403953065403,1.26875011597952,1.0,-1.0
LRG,57.83922584651809,0.6338684392387957,-0.06636444508280184,0.7002328843215975,1.0,-1.0
LRG,58.275740116615964,-0.631272659959172,-0.06648312360894361,-0.5647895363502284,-1.0,-1.0
LRG,59.14876865681172,0.16627428634028243,-0.06671544611014907,0.2329897324504315,1.0,-1.0
LRG,60.45831146710535,0.21459404371670399,-0.06705186633043755,0.28164591004714157,1.0,-1.0
LRG,60.89482573720322,-0.48002146587436806,-0.06716092217710061,-0.41286054369726743,-1.0,-1.0
LRG,61.76785427739898,0.11492791256123897,-0.06737459580096208,0.18230250836220105,1.0,-1.0
LRG,62.64088281759473,7.324943375169662e-15,-0.06758254998969684,0.06758254998970417,1.0,-1.0
LRG,63.95042562788836,0.5033568723523028,-0.06788424978225374,0.5712411221345565,1.0,-1.0
LRG,64.82345416808411,0.2182460300427306,-0.06807887115170498,0.2863249011944356,1.0,-1.0
LRG,67.44253978867138,-0.09414913036511595,-0.06863362154819157,-0.02551550881692438,-1.0,-1.0
LRG,67.87905405876924,0.2564020588879919,-0.06872207089572378,0.3251241297837157,1.0,-1.0
LRG,69.62511113916077,0.10984065209264698,-0.06906517546430499,0.17890582755695197,1.0,-1.0
LRG,70.49813967935651,0.09924463357242107,-0.06923058027526484,0.1684752138476859,1.0,-1.0
LRG,83.59356778229281,0.08389281205871961,-0.07130952740384142,0.155202339462561,1.0,-1.0
ELG,0.21934219359838955,-0.005181213855798625,0.27298631661354134,-0.27816753046933995,-1.0,1.0
ELG,0.655856463696266,-0.06591160469834637,0.22513032017254223,-0.2910419248708886,-1.0,1.0
ELG,1.0923707337941426,-0.06302692981542617,0.18861881158036223,-0.2516457413957884,-1.0,1.0
ELG,1.528885003892019,-0.032819427233205134,0.15984535607452494,-0.19266478330773007,-1.0,1.0
ELG,1.9653992739898958,-0.07027587260672748,0.13658570877938583,-0.20686158138611332,-1.0,1.0
ELG,2.401913544087772,-0.03651828820635761,0.11739354551599818,-0.15391183372235578,-1.0,1.0
ELG,2.838427814185649,0.0014458535815523898,0.10128771507454676,-0.09984186149299437,1.0,1.0
ELG,3.2749420842835253,-0.00644092885359797,0.08757914350945012,-0.09402007236304809,-1.0,1.0
ELG,3.7114563543814016,-0.000837810817039521,0.07576967744057639,-0.07660748825761592,-1.0,1.0
ELG,4.147970624479278,0.03781816782037752,0.06549024491758054,-0.02767207709720302,1.0,1.0
ELG,4.584484894577155,0.045479289331372144,0.05646158960670772,-0.010982300275335574,1.0,1.0
ELG,5.020999164675031,0.01136847405552938,0.04846851628157353,-0.037100042226044155,1.0,1.0
ELG,5.457513434772908,-0.004996309256487127,0.04134251772780759,-0.046338826984294715,-1.0,1.0
ELG,5.894027704870784,0.01560489543380443,0.03494976457706529,-0.019344869143260862,1.0,1.0
ELG,6.330541974968661,-0.11883762213955447,0.029182621169661457,-0.14802024330921593,-1.0,1.0
ELG,6.767056245066538,-0.13864552684392425,0.023953536055816974,-0.16259906289974124,-1.0,1.0
ELG,7.203570515164413,0.1046105305067516,0.01919056628045497,0.08541996422629664,1.0,1.0
ELG,7.640084785262291,0.2860413967754754,0.014834047481786461,0.27120734929368895,1.0,1.0
ELG,8.076599055360166,0.20546864097544004,0.010834081582606694,0.19463455939283336,1.0,1.0
ELG,8.513113325458043,-0.04610370716560183,0.007148617080090333,-0.053252324245692165,-1.0,1.0
ELG,8.94962759555592,-0.0862093937407076,0.0037419650248466663,-0.08995135876555427,-1.0,1.0
ELG,9.386141865653796,-0.009718725040995324,0.0005836395313439519,-0.010302364572339276,-1.0,1.0
ELG,9.822656135751673,0.03388398507448079,-0.002352557066705549,0.03623654214118634,1.0,-1.0
ELG,10.259170405849549,0.04145869254535097,-0.005089262591838575,0.046547955137189546,1.0,-1.0
ELG,10.695684675947426,0.013039383212622109,-0.007646139814165759,0.020685523026787868,1.0,-1.0
ELG,11.132198946045303,0.02626311944918797,-0.010040349630194581,0.03630346907938255,1.0,-1.0
ELG,11.568713216143179,0.039372630424182146,-0.012286936715551422,0.05165956713973357,1.0,-1.0
ELG,12.005227486241056,0.045295870998729705,-0.014399145975167976,0.05969501697389768,1.0,-1.0
ELG,12.441741756338931,0.03251662299643453,-0.016388683857765624,0.04890530685420015,1.0,-1.0
ELG,12.878256026436809,0.018608073242524534,-0.01826593542583367,0.0368740086683582,1.0,-1.0
ELG,13.314770296534686,0.032830750199205436,-0.020040145681050003,0.05287089588025544,1.0,-1.0
ELG,13.751284566632561,0.01902974102783765,-0.021719571828712925,0.040749312856550576,1.0,-1.0
ELG,14.187798836730439,0.04126147082959459,-0.023311611773678236,0.06457308260327282,1.0,-1.0
ELG,14.624313106828314,0.03327065964274949,-0.024822913066682446,0.05809357270943193,1.0,-1.0
ELG,15.060827376926191,-0.007838302199198363,-0.026259465685272716,0.01842116348607435,-1.0,-1.0
ELG,15.497341647024069,0.03298801044095534,-0.027626681380190442,0.06061469182114578,1.0,-1.0
ELG,15.933855917121944,0.021248902759961996,-0.02892946180324886,0.050178364563210856,1.0,-1.0
ELG,16.37037018721982,-0.0020377292571962338,-0.030172257224605238,0.028134527967409003,-1.0,-1.0
ELG,16.806884457317697,0.04366258108550213,-0.031359117321850566,0.0750216984073527,1.0,-1.0
ELG,17.243398727415574,0.03872644466190787,-0.03249373526233157,0.07122017992423943,1.0,-1.0
ELG,17.67991299751345,0.00849577092055086,-0.033579486089698844,0.0420752570102497,1.0,-1.0
ELG,18.11642726761133,0.0010610945022726272,-0.03461946025517502,0.03568055475744764,1.0,-1.0
ELG,18.552941537709202,0.02049707578631557,-0.03561649299521845,0.05611356878153402,1.0,-1.0
ELG,18.98945580780708,-0.006122232496280143,-0.03657319014371101,0.030450957647430863,-1.0,-1.0
ELG,19.425970077904957,-0.16872779617634798,-0.03749195087351259,-0.13123584530283539,-1.0,-1.0
ELG,19.862484348002834,-0.15197973399765002,-0.03837498778526266,-0.11360474621238736,-1.0,-1.0
ELG,20.29899861810071,-0.04564874031031887,-0.039224344697554654,-0.006424395612764214,-1.0,-1.0
ELG,20.735512888198585,0.017896394170520066,-0.0400419124395937,0.05793830661011377,1.0,-1.0
ELG,21.172027158296462,0.05424052928521048,-0.040829442903196886,0.09506997218840738,1.0,-1.0
ELG,21.60854142839434,0.0084550859772584,-0.0415885615739285,0.0500436475511869,1.0,-1.0
ELG,22.045055698492217,0.05171886651160987,-0.04232077873000668,0.09403964524161655,1.0,-1.0
ELG,22.481569968590094,0.05121111964920712,-0.043027499471344224,0.09423861912055134,1.0,-1.0
ELG,22.918084238687968,-0.017553647736458674,-0.04371003271885847,0.026156384982399795,-1.0,-1.0
ELG,23.354598508785845,-0.06050159877704463,-0.04436959930532414,-0.01613199947172049,-1.0,-1.0
ELG,23.791112778883722,-0.030304333598366977,-0.04500733926298918,0.014703005664622203,-1.0,-1.0
ELG,24.2276270489816,0.0820972095460882,-0.04562431839947329,0.1277215279455615,1.0,-1.0
ELG,24.664141319079476,0.06583535166683621,-0.04622153424174188,0.1120568859085781,1.0,-1.0
ELG,25.10065558917735,-0.0228642171994921,-0.04679992141788575,0.02393570421839365,-1.0,-1.0
ELG,25.537169859275227,0.02248521772864624,-0.04736035653777972,0.06984557426642596,1.0,-1.0
ELG,25.973684129373105,0.022993300434924435,-0.047903662626226653,0.07089696306115109,1.0,-1.0
ELG,26.410198399470982,-0.023760179158063624,-0.04843061315573851,0.024670433997674886,-1.0,-1.0
ELG,26.84671266956886,-0.014087205387252688,-0.04894193572051244,0.034854730333259754,-1.0,-1.0
ELG,27.283226939666733,0.006488183947476884,-0.049438315388301894,0.05592649933577878,1.0,-1.0
ELG,27.71974120976461,-0.08677640144721131,-0.04992039776265446,-0.036856003684556854,-1.0,-1.0
ELG,28.156255479862487,0.09398324760776934,-0.05038879178430017,0.1443720393920695,1.0,-1.0
ELG,28.592769749960365,-0.06589394855036275,-0.05084407229725054,-0.015049876253112209,-1.0,-1.0
ELG,29.029284020058242,-0.06916994488513288,-0.051286782402345674,-0.017883162482787207,-1.0,-1.0
ELG,29.465798290156116,0.36206744865917667,-0.051717435618509985,0.41378488427768667,1.0,-1.0
ELG,29.902312560253993,0.12800988141620803,-0.05213651786979934,0.18014639928600737,1.0,-1.0
ELG,30.33882683035187,-0.26974616393559164,-0.052544489314405154,-0.2172016746211865,-1.0,-1.0
ELG,30.775341100449747,-0.1052805258884348,-0.052941786030088596,-0.0523387398583462,-1.0,-1.0
ELG,31.211855370547624,0.10089285089307128,-0.053328821569023244,0.1542216724620945,1.0,-1.0
ELG,31.648369640645498,-0.07488686729060794,-0.053705988393700596,-0.02118087889690734,-1.0,-1.0
ELG,32.08488391074337,-0.09146643582802025,-0.0540736592043793,-0.03739277662364095,-1.0,-1.0
ELG,32.521398180841246,0.2346536686800495,-0.05443218816751631,0.2890858568475658,1.0,-1.0
ELG,32.957912450939126,0.04958374572655702,-0.05478191205369137,0.1043656577802484,1.0,-1.0
ELG,33.39442672103701,-0.3334440196502486,-0.055123151292709935,-0.27832086835753866,-1.0,-1.0
ELG,33.83094099113488,-0.025989249590276126,-0.055456210952832985,0.02946696136255686,-1.0,-1.0
ELG,34.267455261232755,0.4533501986870453,-0.05578138165042372,0.509131580337469,1.0,-1.0
ELG,34.70396953133063,-0.031265928591836765,-0.05609894039571225,0.024833011803875482,-1.0,-1.0
ELG,35.14048380142851,-0.5028452651870766,-0.05640915137985168,-0.4464361138072249,-1.0,-1.0
ELG,35.57699807152639,-0.4337659213763899,-0.05671226670796563,-0.3770536546684243,-1.0,-1.0
ELG,36.01351234162426,-0.08838598334307457,-0.05700852708246219,-0.03137745626061238,-1.0,-1.0
ELG,36.45002661172214,0.48299346844936436,-0.057298162440506804,0.5402916308898712,1.0,-1.0
ELG,36.88654088182001,-0.0005583416759441257,-0.05758139254920216,0.057023050873258034,-1.0,-1.0
ELG,37.32305515191789,0.36303792758159875,-0.05785842756171305,0.4208963551433118,1.0,-1.0
ELG,37.75956942201577,0.5434621638929824,-0.058129468537293574,0.601591632430276,1.0,-1.0
ELG,38.196083692113646,-0.49120197421434414,-0.05839470792792108,-0.4328072662864231,-1.0,-1.0
ELG,38.63259796221152,-0.7410499981427049,-0.058654330034012075,-0.6823956681086928,-1.0,-1.0
ELG,39.069112232309394,-0.5516732236104621,-0.058908511431487814,-0.49276471217897433,-1.0,-1.0
ELG,39.505626502407274,-0.6139107398680843,-0.059157421372269176,-0.5547533184958151,-1.0,-1.0
ELG,39.942140772505155,0.9288702246028505,-0.05940122216010982,0.9882714467629603,1.0,-1.0
ELG,40.37865504260303,0.9930879352106292,-0.05964006950352114,1.0527280047141503,1.0,-1.0
ELG,40.8151693127009,0.5139509443280776,-0.05987411284740199,0.5738250571754796,1.0,-1.0
ELG,41.251683582798776,0.6319787969204347,-0.06010349568485694,0.6920822926052916,1.0,-1.0
ELG,41.68819785289666,-0.06374505756352297,-0.06032835585057067,-0.0034167017129523025,-1.0,-1.0
ELG,42.12471212299454,-0.6920000608092214,-0.060548825796998496,-0.6314512350122229,-1.0,-1.0
ELG,42.56122639309241,-0.8975445932447842,-0.06076503285453616,-0.836779560390248,-1.0,-1.0
ELG,42.997740663190285,0.8168874379416246,-0.0609770994767426,0.8778645374183671,1.0,-1.0
ELG,43.43425493328816,0.6200969644184667,-0.061185143471608,0.6812821078900747,1.0,-1.0
ELG,43.87076920338604,0.45883393769022734,-0.061389278219785036,0.5202232159100124,1.0,-1.0
ELG,44.30728347348392,-0.3934662130141381,-0.06158961288063245,-0.3318766001335056,-1.0,-1.0
ELG,44.743797743581794,-0.742949624080402,-0.06178625258685806,-0.6811633714935439,-1.0,-1.0
ELG,45.18031201367967,-0.514495828787222,-0.061979298628490116,-0.4525165301587319,-1.0,-1.0
ELG,45.61682628377754,-1.0074799185925885,-0.0621688486268536,-0.9453110699657349,-1.0,-1.0
ELG,46.05334055387542,0.23320996492919444,-0.062354996699179294,0.29556496162837376,1.0,-1.0
ELG,46.4898548239733,0.9085964577275628,-0.06253783361442866,0.9711342913419915,1.0,-1.0
ELG,46.92636909407118,0.2312251473722481,-0.06271744694087691,0.293942594313125,1.0,-1.0
ELG,47.36288336416905,-0.26759131050760565,-0.0628939211859579,-0.20469738932164777,-1.0,-1.0
ELG,47.799397634266924,0.521308563054582,-0.06306733792884069,0.5843759009834226,1.0,-1.0
ELG,48.672426174462686,0.5729523223694165,-0.06340531133140753,0.6363576337008241,1.0,-1.0
ELG,49.10894044456056,-2.181947138750824,-0.06357001760806547,-2.1183771211427582,-1.0,-1.0
ELG,49.54545471465843,-0.0968552391301211,-0.06373196583733354,-0.03312327329278757,-1.0,-1.0
ELG,49.98196898475631,1.285344905020735,-0.0638912247202833,1.3492361297410183,1.0,-1.0
ELG,50.41848325485419,-2.2244881843632784,-0.06404786069504693,-2.1604403236682317,-1.0,-1.0
ELG,50.85499752495207,0.8788431504674865,-0.06420193802922962,0.9430450884967161,1.0,-1.0
ELG,51.29151179504994,2.0793019736001384,-0.06435351890783016,2.1436554925079685,1.0,-1.0
ELG,51.728026065147816,-1.4721148107716788,-0.06450266351692219,-1.4076121472547567,-1.0,-1.0
ELG,52.16454033524569,-1.3498313333129235,-0.06464943012333273,-1.2851819031895908,-1.0,-1.0
ELG,53.03756887544145,0.5132277968151552,-0.06493605325099527,0.5781638500661505,1.0,-1.0
ELG,53.474083145539325,1.4661132510248591,-0.06507601737507265,1.5311892683999317,1.0,-1.0
ELG,53.9105974156372,-0.6679578713599472,-0.06521381883681401,-0.6027440525231332,-1.0,-1.0
ELG,54.34711168573507,-1.466113251024829,-0.06534950737665628,-1.4007637436481726,-1.0,-1.0
ELG,54.78362595583295,1.56158107109476,-0.06548313122129261,1.6270642023160526,1.0,-1.0
ELG,55.220140225930834,1.7368819225865015,-0.06561473714082197,1.8024966597273235,1.0,-1.0
ELG,55.65665449602871,-2.213946026385999,-0.06574437050332914,-2.14820165588267,-1.0,-1.0
ELG,56.09316876612658,-1.1470971384165025,-0.06587207532702855,-1.081225063089474,-1.0,-1.0
ELG,56.529683036224455,0.23320996492919635,-0.06599789433009828,0.2992078592592946,1.0,-1.0
ELG,56.966197306322336,0.5121685992172367,-0.06612186897832255,0.5782904681955592,1.0,-1.0
ELG,57.40271157642022,0.17965331518005379,-0.06624403953065403,0.2458973547107078,1.0,-1.0
ELG,57.83922584651809,-1.2337581577867143,-0.06636444508280184,-1.1673937127039125,-1.0,-1.0
ELG,58.275740116615964,1.0604114679012777,-0.06648312360894361,1.1268945915102213,1.0,-1.0
ELG,58.71225438671384,1.1628837237112764,-0.06660011200165564,1.229483835712932,1.0,-1.0
ELG,59.14876865681172,0.09471822745516577,-0.06671544611014907,0.16143367356531485,1.0,-1.0
ELG,59.5852829269096,0.8407161292981633,-0.0668291607768954,0.9075452900750587,1.0,-1.0
ELG,60.02179719700747,-0.5530767317358324,-0.06694128987271994,-0.4861354418631124,-1.0,-1.0
ELG,60.45831146710535,-0.6332586826226649,-0.06705186633043755,-0.5662068162922274,-1.0,-1.0
ELG,61.3313400073011,-0.41564242778771665,-0.06726848856492577,-0.34837393922279086,-1.0,-1.0
ELG,61.76785427739898,0.2298558251224596,-0.06737459580096208,0.29723042092342167,1.0,-1.0
ELG,62.204368547496856,-0.28077255982720645,-0.06747927337555991,-0.21329328645164652,-1.0,-1.0
ELG,62.64088281759473,-0.0739248697678513,-0.06758254998969684,-0.006342319778154457,-1.0,-1.0
ELG,63.0773970876926,1.209642784430073,-0.06768445358121367,1.2773272380112868,1.0,-1.0
ELG,63.513911357790484,-0.6410051472199604,-0.06778501135001094,-0.5732201358699495,-1.0,-1.0
ELG,63.95042562788836,0.5993482683249175,-0.06788424978225374,0.6672325181071712,1.0,-1.0
ELG,64.38693989798622,1.6728002190468165,-0.06798219467362995,1.7407824137204464,1.0,-1.0
ELG,64.82345416808411,-0.4996821371694133,-0.06807887115170498,-0.4316032660177083,-1.0,-1.0
ELG,65.259968438182,-1.7129951476151462,-0.06817430369741342,-1.6448208439177328,-1.0,-1.0
ELG,65.69648270827986,0.6475318767050935,-0.06826851616572661,0.7158003928708201,1.0,-1.0
ELG,66.13299697837775,0.5785549106375772,-0.06836153180553244,0.6469164424431096,1.0,-1.0
ELG,66.5695112484756,-0.18850859703942993,-0.06845337327876226,-0.12005522376066767,-1.0,-1.0
ELG,67.44253978867138,0.06843011010048183,-0.06863362154819157,0.13706373164867341,1.0,-1.0
ELG,67.87905405876924,0.3617899471507057,-0.06872207089572378,0.4305120180464295,1.0,-1.0
ELG,68.31556832886713,-0.31148319094203936,-0.06880943121283582,-0.24267375972920352,-1.0,-1.0
ELG,68.75208259896499,-0.4312316881994856,-0.06889572248945539,-0.36233596571003024,-1.0,-1.0
ELG,69.18859686906288,0.7406712783754428,-0.06898096422924634,0.8096522426046892,1.0,-1.0
ELG,69.62511113916077,-0.21443920040247258,-0.06906517546430499,-0.1453740249381676,-1.0,-1.0
ELG,70.06162540925862,0.20883802579131652,-0.06914837476932673,0.2779864005606433,1.0,-1.0
ELG,70.49813967935651,-0.4662961004045644,-0.06923058027526484,-0.3970655201292995,-1.0,-1.0
ELG,70.93465394945437,0.04965523906453452,-0.06931180968250296,0.11896704874703748,1.0,-1.0
ELG,71.37116821955226,0.10917189463582892,-0.06939208027356092,0.17856397490938986,1.0,-1.0
ELG,71.80768248965015,-0.9432784387993911,-0.06947140892535332,-0.8738070298740378,-1.0,-1.0
ELG,72.24419675974801,-0.15295192135938868,-0.0695498121210192,-0.08340210923836948,-1.0,-1.0
ELG,72.6807110298459,0.25559708651011254,-0.06962730596133995,0.3252243924714525,1.0,-1.0
ELG,73.11722529994375,1.0586094247724978,-0.06970390617576226,1.12831333094826,1.0,-1.0
ELG,75.29979665043314,0.15879141371587358,-0.0700740287076608,0.22886544242353438,1.0,-1.0
ELG,77.48236800092252,-0.9527484822952419,-0.07042397413297842,-0.8823245081622635,-1.0,-1.0
QSO,0.21934219359838955,0.05607131058731778,0.27298631661354134,-0.21691500602622354,1.0,1.0
QSO,0.655856463696266,0.11076906298638435,0.22513032017254223,-0.11436125718615787,1.0,1.0
QSO,1.0923707337941426,0.13901072243477866,0.18861881158036223,-0.04960808914558357,1.0,1.0
QSO,1.528885003892019,0.08440532055980735,0.15984535607452494,-0.07544003551471759,1.0,1.0
QSO,1.9653992739898958,0.03072693417080434,0.13658570877938583,-0.1058587746085815,1.0,1.0
QSO,2.401913544087772,0.011963916504059624,0.11739354551599818,-0.10542962901193856,1.0,1.0
QSO,2.838427814185649,0.004728866788654259,0.10128771507454676,-0.09655884828589249,1.0,1.0
QSO,3.2749420842835253,0.02021132748305738,0.08757914350945012,-0.06736781602639275,1.0,1.0
QSO,3.7114563543814016,0.006927039121052692,0.07576967744057639,-0.0688426383195237,1.0,1.0
QSO,4.147970624479278,-0.03934617530837496,0.06549024491758054,-0.1048364202259555,-1.0,1.0
QSO,4.584484894577155,-0.04280366377068635,0.05646158960670772,-0.09926525337739406,-1.0,1.0
QSO,5.020999164675031,-0.009638715602479406,0.04846851628157353,-0.05810723188405294,-1.0,1.0
QSO,5.457513434772908,-0.029967974803393176,0.04134251772780759,-0.07131049253120077,-1.0,1.0
QSO,5.894027704870784,-0.07969944729088378,0.03494976457706529,-0.11464921186794907,-1.0,1.0
QSO,6.330541974968661,0.03719915143029979,0.029182621169661457,0.008016530260638331,1.0,1.0
QSO,6.767056245066538,0.09934781338249946,0.023953536055816974,0.07539427732668248,1.0,1.0
QSO,7.203570515164413,-0.11304371084473602,0.01919056628045497,-0.13223427712519098,-1.0,1.0
QSO,7.640084785262291,-0.10571126254091676,0.014834047481786461,-0.12054531002270322,-1.0,1.0
QSO,8.076599055360166,-0.012917309484032745,0.010834081582606694,-0.02375139106663944,-1.0,1.0
QSO,8.513113325458043,-0.08694342880100991,0.007148617080090333,-0.09409204588110025,-1.0,1.0
QSO,8.94962759555592,-0.04837171124057635,0.0037419650248466663,-0.052113676265423015,-1.0,1.0
QSO,9.386141865653796,-0.007567494698098811,0.0005836395313439519,-0.008151134229442763,-1.0,1.0
QSO,9.822656135751673,-0.01232352822959396,-0.002352557066705549,-0.009970971162888411,-1.0,-1.0
QSO,10.259170405849549,-0.014831154290180686,-0.005089262591838575,-0.00974189169834211,-1.0,-1.0
QSO,10.695684675947426,-0.020682792646753392,-0.007646139814165759,-0.013036652832587634,-1.0,-1.0
QSO,11.132198946045303,-0.02923812329011144,-0.010040349630194581,-0.01919777365991686,-1.0,-1.0
QSO,11.568713216143179,-0.03292316523833566,-0.012286936715551422,-0.02063622852278424,-1.0,-1.0
QSO,12.005227486241056,-0.04636479112317182,-0.014399145975167976,-0.031965645148003846,-1.0,-1.0
QSO,12.441741756338931,-0.05472708757642364,-0.016388683857765624,-0.038338403718658015,-1.0,-1.0
QSO,12.878256026436809,-0.015241873052775723,-0.01826593542583367,0.0030240623730579484,-1.0,-1.0
QSO,13.314770296534686,0.005386633485228999,-0.020040145681050003,0.025426779166279,1.0,-1.0
QSO,13.751284566632561,-0.02991530910018354,-0.021719571828712925,-0.008195737271470615,-1.0,-1.0
QSO,14.187798836730439,0.01650369766111815,-0.023311611773678236,0.039815309434796387,1.0,-1.0
QSO,14.624313106828314,0.007705869466015403,-0.024822913066682446,0.03252878253269785,1.0,-1.0
QSO,15.060827376926191,-0.04211040679852602,-0.026259465685272716,-0.015850941113253303,-1.0,-1.0
QSO,15.497341647024069,0.016974060846191637,-0.027626681380190442,0.04460074222638208,1.0,-1.0
QSO,15.933855917121944,-0.0021383004489783416,-0.02892946180324886,0.026791161354270517,-1.0,-1.0
QSO,16.37037018721982,-0.030342874234360273,-0.030172257224605238,-0.00017061700975503497,-1.0,-1.0
QSO,16.806884457317697,0.01672194673826795,-0.031359117321850566,0.048081064060118514,1.0,-1.0
QSO,17.243398727415574,-0.00023609363532672723,-0.03249373526233157,0.03225764162700484,-1.0,-1.0
QSO,17.67991299751345,-0.002966869985541647,-0.033579486089698844,0.0306126161041572,-1.0,-1.0
QSO,18.11642726761133,0.009842675540202456,-0.03461946025517502,0.04446213579537747,1.0,-1.0
QSO,18.552941537709202,-0.019942688212568938,-0.03561649299521845,0.01567380478264951,-1.0,-1.0
QSO,18.98945580780708,0.023100803246708417,-0.03657319014371101,0.05967399339041943,1.0,-1.0
QSO,19.425970077904957,0.04566944211540651,-0.03749195087351259,0.0831613929889191,1.0,-1.0
QSO,19.862484348002834,-0.016867642473912106,-0.03837498778526266,0.021507345311350554,-1.0,-1.0
QSO,20.29899861810071,0.004205228364793654,-0.039224344697554654,0.043429573062348306,1.0,-1.0
QSO,20.735512888198585,0.05298675122954931,-0.0400419124395937,0.093028663669143,1.0,-1.0
QSO,21.172027158296462,0.02649915412727438,-0.040829442903196886,0.06732859703047127,1.0,-1.0
QSO,21.60854142839434,-0.006173420745692089,-0.0415885615739285,0.03541514082823641,-1.0,-1.0
QSO,22.045055698492217,0.0379266408456454,-0.04232077873000668,0.08024741957565208,1.0,-1.0
QSO,22.481569968590094,0.02811991153036447,-0.043027499471344224,0.0711474110017087,1.0,-1.0
QSO,22.918084238687968,-0.01466022771115063,-0.04371003271885847,0.02904980500770784,-1.0,-1.0
QSO,23.354598508785845,0.024752161939047872,-0.04436959930532414,0.06912176124437201,1.0,-1.0
QSO,23.791112778883722,0.08421032598168257,-0.04500733926298918,0.12921766524467176,1.0,-1.0
QSO,24.2276270489816,0.05302171142202152,-0.04562431839947329,0.09864602982149481,1.0,-1.0
QSO,24.664141319079476,-0.02419754056252746,-0.04622153424174188,0.02202399367921442,-1.0,-1.0
QSO,25.10065558917735,0.0015598688721012587,-0.04679992141788575,0.048359790289987006,1.0,-1.0
QSO,25.537169859275227,0.010406022971966605,-0.04736035653777972,0.05776637950974633,1.0,-1.0
QSO,25.973684129373105,-0.005822112645751162,-0.047903662626226653,0.04208154998047549,-1.0,-1.0
QSO,26.410198399470982,0.01312922132916997,-0.04843061315573851,0.06155983448490848,1.0,-1.0
QSO,26.84671266956886,-0.005123600140646543,-0.04894193572051244,0.0438183355798659,-1.0,-1.0
QSO,27.283226939666733,-0.026054001625865568,-0.049438315388301894,0.023384313762436326,-1.0,-1.0
QSO,27.71974120976461,-0.008552849434499335,-0.04992039776265446,0.041367548328155125,-1.0,-1.0
QSO,28.156255479862487,0.033937471216404946,-0.05038879178430017,0.08432626300070512,1.0,-1.0
QSO,28.592769749960365,-0.01659114505004727,-0.05084407229725054,0.034252927247203274,-1.0,-1.0
QSO,29.029284020058242,-0.04421742514783798,-0.051286782402345674,0.007069357254507691,-1.0,-1.0
QSO,29.465798290156116,0.02488307892688479,-0.051717435618509985,0.07660051454539478,1.0,-1.0
QSO,29.902312560253993,-0.03211848772778638,-0.05213651786979934,0.020018030142012956,-1.0,-1.0
QSO,30.33882683035187,0.025143755872286122,-0.052544489314405154,0.07768824518669128,1.0,-1.0
QSO,30.775341100449747,0.04589036420372556,-0.052941786030088596,0.09883215023381416,1.0,-1.0
QSO,31.211855370547624,0.002227867008307396,-0.053328821569023244,0.05555668857733064,1.0,-1.0
QSO,31.648369640645498,-0.006332448575227119,-0.053705988393700596,0.047373539818473476,-1.0,-1.0
QSO,32.08488391074337,-0.02835370685205379,-0.0540736592043793,0.02571995235232551,-1.0,-1.0
QSO,32.521398180841246,0.06323141495886621,-0.05443218816751631,0.11766360312638252,1.0,-1.0
QSO,32.957912450939126,0.006248059772903896,-0.05478191205369137,0.06102997182659527,1.0,-1.0
QSO,33.39442672103701,-0.028541505660966773,-0.055123151292709935,0.026581645631743162,-1.0,-1.0
QSO,33.83094099113488,-0.03125733205970823,-0.055456210952832985,0.024198878893124755,-1.0,-1.0
QSO,34.267455261232755,-0.014927805218452259,-0.05578138165042372,0.04085357643197146,-1.0,-1.0
QSO,34.70396953133063,0.10110707981680418,-0.05609894039571225,0.15720602021251642,1.0,-1.0
QSO,35.14048380142851,-0.05058255097488316,-0.05640915137985168,0.005826600404968525,-1.0,-1.0
QSO,35.57699807152639,-0.14922444249205288,-0.05671226670796563,-0.09251217578408726,-1.0,-1.0
QSO,36.01351234162426,0.0741660147855678,-0.05700852708246219,0.13117454186803,1.0,-1.0
QSO,36.45002661172214,0.14943954167997237,-0.057298162440506804,0.20673770412047918,1.0,-1.0
QSO,36.88654088182001,-0.03533215126602204,-0.05758139254920216,0.02224924128318012,-1.0,-1.0
QSO,37.32305515191789,-0.003962671690414426,-0.05785842756171305,0.05389575587129862,-1.0,-1.0
QSO,37.75956942201577,-0.12442378317948122,-0.058129468537293574,-0.06629431464218764,-1.0,-1.0
QSO,38.196083692113646,-0.026574314179998792,-0.05839470792792108,0.03182039374792228,-1.0,-1.0
QSO,38.63259796221152,0.20713498370846867,-0.058654330034012075,0.2657893137424807,1.0,-1.0
QSO,39.069112232309394,-0.12792110941205867,-0.058908511431487814,-0.06901259798057086,-1.0,-1.0
QSO,39.505626502407274,0.03928189643418435,-0.059157421372269176,0.09843931780645353,1.0,-1.0
QSO,39.942140772505155,0.09226267579742456,-0.05940122216010982,0.15166389795753438,1.0,-1.0
QSO,40.37865504260303,-0.21375735675754812,-0.05964006950352114,-0.15411728725402699,-1.0,-1.0
QSO,40.8151693127009,-0.05319999057981894,-0.05987411284740199,0.0066741222675830505,-1.0,-1.0
QSO,41.251683582798776,0.05626570808574489,-0.06010349568485694,0.11636920377060184,1.0,-1.0
QSO,41.68819785289666,-0.0477563190255912,-0.06032835585057067,0.012572036824979468,-1.0,-1.0
QSO,42.12471212299454,-0.10028559979399666,-0.060548825796998496,-0.03973677399699817,-1.0,-1.0
QSO,42.56122639309241,-0.08519569396142576,-0.06076503285453616,-0.0244306611068896,-1.0,-1.0
QSO,42.997740663190285,0.057541793829603914,-0.0609770994767426,0.11851889330634652,1.0,-1.0
QSO,43.43425493328816,0.25804951710147955,-0.061185143471608,0.3192346605730876,1.0,-1.0
QSO,43.87076920338604,-0.10955951220604603,-0.061389278219785036,-0.04817023398626099,-1.0,-1.0
QSO,44.30728347348392,-0.24034555038497582,-0.06158961288063245,-0.17875593750434338,-1.0,-1.0
QSO,44.743797743581794,0.3924612035807641,-0.06178625258685806,0.45424745616762213,1.0,-1.0
QSO,45.18031201367967,0.2612924557249491,-0.061979298628490116,0.3232717543534392,1.0,-1.0
QSO,45.61682628377754,-0.3367269473251841,-0.0621688486268536,-0.2745580986983305,-1.0,-1.0
QSO,46.05334055387542,0.017723190034779294,-0.062354996699179294,0.08007818673395858,1.0,-1.0
QSO,46.4898548239733,0.27583188088178695,-0.06253783361442866,0.3383697144962156,1.0,-1.0
QSO,46.92636909407118,-0.5016058808951569,-0.06271744694087691,-0.43888843395428,-1.0,-1.0
QSO,47.36288336416905,-0.24641173463254606,-0.0628939211859579,-0.18351781344658818,-1.0,-1.0
QSO,47.799397634266924,0.7046162543823798,-0.06306733792884069,0.7676835923112205,1.0,-1.0
QSO,48.235911904364805,-0.19308664899021385,-0.0632377759461742,-0.12984887304403964,-1.0,-1.0
QSO,48.672426174462686,-1.1494922002938381,-0.06340531133140753,-1.0860868889624307,-1.0,-1.0
QSO,49.10894044456056,0.480617896245566,-0.06357001760806547,0.5441879138536314,1.0,-1.0
QSO,49.54545471465843,1.153377866961015,-0.06373196583733354,1.2171098327983487,1.0,-1.0
QSO,49.98196898475631,-0.5838357757522914,-0.0638912247202833,-0.5199445510320081,-1.0,-1.0
QSO,50.41848325485419,0.3984295338479946,-0.06404786069504693,0.46247739454304154,1.0,-1.0
QSO,50.85499752495207,0.006401097894001117,-0.06420193802922962,0.07060303592323074,1.0,-1.0
QSO,51.29151179504994,-1.0892399522598954,-0.06435351890783016,-1.0248864333520653,-1.0,-1.0
QSO,51.728026065147816,0.6041864504938735,-0.06450266351692219,0.6686891140107958,1.0,-1.0
QSO,52.16454033524569,0.3062466547781749,-0.06464943012333273,0.37089608490150766,1.0,-1.0
QSO,52.60105460534357,-0.0814108982907237,-0.06479387515053955,-0.01661702314018415,-1.0,-1.0
QSO,53.03756887544145,-1.3388811827991034,-0.06493605325099527,-1.2739451295481081,-1.0,-1.0
QSO,53.474083145539325,0.44905987573801187,-0.06507601737507265,0.5141358931130845,1.0,-1.0
QSO,53.9105974156372,2.573816477220093,-0.06521381883681401,2.639030296056907,1.0,-1.0
QSO,54.34711168573507,0.6641460943796094,-0.06534950737665628,0.7294956017562656,1.0,-1.0
QSO,54.78362595583295,-0.011162513291406065,-0.06548313122129261,0.054320617929886544,-1.0,-1.0
QSO,61.3313400073011,0.09243115271408785,-0.06726848856492577,0.15969964127901362,1.0,-1.0
QSO,63.95042562788836,0.31758282743174776,-0.06788424978225374,0.38546707721400153,1.0,-1.0
QSO,65.69648270827986,0.25167843617615837,-0.06826851616572661,0.31994695234188497,1.0,-1.0
QSO,68.31556832886713,0.0,-0.06880943121283582,0.06880943121283582,0.0,-1.0
QSO,70.49813967935651,-0.31758282743174737,-0.06923058027526484,-0.24835224715648252,-1.0,-1.0
