galaxy,N_points_total,N_outer_points,Rdisk,Rlast,Vflat,V_at_Rlast,V_Rlast_over_Vflat,outer_slope_dlogV_dlogR,outer_slope_fit_points,outer_slope_status
CamB,9,2,0.47,1.79,,20.1,,,2,INSUFFICIENT_OUTER_POINTS
D512-2,4,1,1.24,3.83,,35.9,,,1,INSUFFICIENT_OUTER_POINTS
D564-8,6,3,0.61,3.07,,25,,0.327156389912,3,INVALID_VFLAT
D631-7,16,12,0.7,7.19,57.7,57.3,0.993067590988,0.461548233381,12,OK
DDO064,14,4,0.69,2.98,46.1,46.9,1.01735357918,0.0344170022953,4,OK
DDO154,12,10,0.37,5.92,47,45.5,0.968085106383,0.348502024857,10,OK
DDO161,31,21,1.22,13.37,66.3,66.1,0.996983408748,0.357056191739,21,OK
DDO168,10,3,1.02,4.12,53.4,52,0.973782771536,-0.231115456525,3,OK
DDO170,8,5,1.95,12.33,60,62.2,1.03666666667,0.150555769443,5,OK
ESO079-G014,15,1,5.08,16.67,175,178,1.01714285714,,1,INSUFFICIENT_OUTER_POINTS
ESO116-G012,15,7,1.51,9.86,109.1,112,1.02658111824,0.0858689020982,7,OK
ESO444-G084,7,4,0.46,4.44,,62.7,,0.194978309831,4,INVALID_VFLAT
ESO563-G021,30,16,5.45,42.41,314.6,312,0.99173553719,-0.00281593677991,16,OK
F561-1,6,1,2.79,9.66,50,50.4,1.008,,1,INSUFFICIENT_OUTER_POINTS
F563-1,17,6,3.52,20.1,109.9,106,0.964513193813,0.0210603425207,6,OK
F563-V1,6,0,3.79,7.87,,27.3,,,0,INSUFFICIENT_OUTER_POINTS
F563-V2,10,4,2.43,10.47,116.6,118,1.01200686106,0.0598016388582,4,OK
F565-V2,7,2,2.17,8.8,,83.1,,,2,INSUFFICIENT_OUTER_POINTS
F567-2,5,1,3.08,9.59,,52.2,,,1,INSUFFICIENT_OUTER_POINTS
F568-1,12,0,5.18,13.23,,142,,,0,INSUFFICIENT_OUTER_POINTS
F568-3,18,2,4.99,17.98,,120,,,2,INSUFFICIENT_OUTER_POINTS
F568-V1,15,4,2.85,17.63,112.3,118,1.05075690116,0.0951691612584,4,OK
F571-8,13,2,3.56,15.55,139.7,144,1.03078024338,,2,INSUFFICIENT_OUTER_POINTS
F571-V1,7,4,2.47,13.59,83.6,83.9,1.00358851675,0.156810812652,4,OK
F574-1,14,0,4.46,12.6,97.8,99.7,1.01942740286,,0,INSUFFICIENT_OUTER_POINTS
F574-2,5,0,3.76,10.83,,40,,,0,INSUFFICIENT_OUTER_POINTS
F579-V1,14,3,3.37,15.16,112.1,114,1.01694915254,4.0537370774e-15,3,OK
F583-1,25,4,2.36,16.26,85.8,85.8,1,0.0925225376181,4,OK
F583-4,12,4,1.93,7.29,,69.9,,0.522868536961,4,INVALID_VFLAT
IC2574,34,7,2.78,10.23,66.4,67.5,1.01656626506,0.511983477116,7,OK
IC4202,32,14,4.78,25.9,242.6,247,1.01813685078,-0.0235461666399,14,OK
KK98-251,15,0,1.34,3.13,33.7,34.2,1.01483679525,,0,INSUFFICIENT_OUTER_POINTS
NGC0024,29,4,1.34,11.27,106.3,110,1.03480714958,0.126594544234,4,OK
NGC0055,21,0,6.11,13.5,85.6,86.5,1.01051401869,,0,INSUFFICIENT_OUTER_POINTS
NGC0100,21,10,1.66,9.62,88.1,91.2,1.03518728717,0.259754493902,10,OK
NGC0247,26,7,3.74,14.54,104.9,107,1.02001906578,0.127952542434,7,OK
NGC0289,28,17,6.74,71.12,163,165,1.01226993865,-0.0103032872916,17,OK
NGC0300,25,15,1.75,11.8,93.3,93.5,1.00214362272,0.184594969357,15,OK
NGC0801,13,5,8.72,59.82,220.1,216,0.981372103589,-0.0459368072573,5,OK
NGC0891,18,11,2.55,17.11,216.1,208,0.962517353077,-0.110572834042,11,OK
NGC1003,36,31,1.61,30.24,109.8,115,1.04735883424,0.120736856518,31,OK
NGC1090,24,15,3.53,30.09,164.4,160,0.973236009732,-0.0842659370436,15,OK
NGC1705,14,11,0.39,6,71.9,71.5,0.994436717663,-0.0178847374959,11,OK
NGC2366,26,18,0.65,6.06,50.2,49.4,0.98406374502,0.153882768667,18,OK
NGC2403,73,34,1.39,20.87,131.2,134,1.02134146341,0.0777357795752,34,OK
NGC2683,11,9,2.18,34.62,154,151,0.980519480519,-0.232247331626,9,OK
NGC2841,50,28,3.64,63.64,284.8,294,1.03230337079,-0.0773655905609,28,OK
NGC2903,34,19,2.33,24.96,184.6,180,0.975081256771,-0.117541051374,19,OK
NGC2915,30,26,0.55,10.04,83.5,86.5,1.03592814371,0.095130244751,26,OK
NGC2955,24,0,18.76,35.43,,227,,,0,INSUFFICIENT_OUTER_POINTS
NGC2976,27,0,1.01,2.27,85.4,85.3,0.998829039813,,0,INSUFFICIENT_OUTER_POINTS
NGC2998,13,5,6.2,42.28,209.9,203,0.96712720343,-0.0589245246182,5,OK
NGC3109,25,7,1.56,6.45,66.2,67.3,1.0166163142,0.334454344686,7,OK
NGC3198,43,19,3.14,44.08,150.1,149,0.992671552298,-0.0346551073933,19,OK
NGC3521,41,5,2.4,17.74,213.7,206,0.963968179691,-0.0337443023743,5,OK
NGC3726,12,8,3.4,32.52,168,167,0.994047619048,0.0598558851534,8,OK
NGC3741,21,19,0.2,7,50.1,51.6,1.02994011976,0.377766232425,19,OK
NGC3769,12,7,3.38,37.16,118.6,113,0.952782462057,-0.0232745691985,7,OK
NGC3877,13,5,2.53,11.35,168.4,169,1.00356294537,-0.00429853568529,5,OK
NGC3893,10,6,2.38,19.05,174,167,0.959770114943,-0.13325811601,6,OK
NGC3917,17,8,2.63,14.86,135.9,137,1.0080941869,0.0173590576413,8,OK
NGC3949,7,0,3.59,7.07,163,169,1.03680981595,,0,INSUFFICIENT_OUTER_POINTS
NGC3953,8,1,4.89,15.68,220.8,215,0.973731884058,,1,INSUFFICIENT_OUTER_POINTS
NGC3972,10,3,2.18,8.72,132.7,134,1.00979653353,0.138538645914,3,OK
NGC3992,9,7,4.96,46.02,241,237,0.983402489627,-0.171552273678,7,OK
NGC4010,12,3,2.81,10.47,125.8,122,0.969793322734,-0.220134865782,3,OK
NGC4013,36,28,3.53,31.01,172.9,170,0.983227299017,-0.01199892801,28,OK
NGC4051,7,0,4.65,12.19,157,153,0.974522292994,,0,INSUFFICIENT_OUTER_POINTS
NGC4068,6,2,0.59,2.33,,41.9,,,2,INSUFFICIENT_OUTER_POINTS
NGC4085,7,2,1.65,6.2,131.5,136,1.03422053232,,2,INSUFFICIENT_OUTER_POINTS
NGC4088,12,8,2.58,21.48,171.7,174,1.01339545719,-0.0738709266236,8,OK
NGC4100,24,19,2.15,22.76,158.2,159,1.00505689001,-0.192533265288,19,OK
NGC4138,7,6,1.51,18.58,147.3,150,1.0183299389,-0.244367338276,6,OK
NGC4157,17,14,2.32,29.61,184.7,185,1.00162425555,-0.0618454173927,14,OK
NGC4183,23,14,2.79,21.02,110.6,113,1.02169981917,-0.0221208838351,14,OK
NGC4214,14,10,0.51,5.63,80.1,80.6,1.00624219725,0.0391111136451,10,OK
NGC4217,19,9,2.94,16.72,181.3,178,0.981798124655,-0.164950754216,9,OK
NGC4389,6,0,2.79,5.32,,110,,,0,INSUFFICIENT_OUTER_POINTS
NGC4559,32,23,2.1,20.97,121.2,119,0.981848184818,0.0777682298507,23,OK
NGC5005,18,0,9.45,11.47,262.2,265,1.01067887109,,0,INSUFFICIENT_OUTER_POINTS
NGC5033,22,13,5.16,44.59,194.2,196,1.00926879506,-0.171876084154,13,OK
NGC5055,28,16,3.2,54.59,179,172,0.960893854749,-0.122775893431,16,OK
NGC5371,19,9,7.44,46.24,209.5,213,1.01670644391,-0.209462893072,9,OK
NGC5585,24,10,1.53,10.96,90.3,89.4,0.990033222591,0.144111158591,10,OK
NGC5907,19,14,5.34,50.33,215,214,0.995348837209,-0.0809685781416,14,OK
NGC5985,33,9,7.01,34.72,293.6,285,0.970708446866,-0.0551066713691,9,OK
NGC6015,44,25,2.3,29.23,154.1,152,0.986372485399,0.0295018031433,25,OK
NGC6195,23,0,13.94,36.43,251.7,246,0.977353992849,,0,INSUFFICIENT_OUTER_POINTS
NGC6503,31,23,2.16,23.5,116.3,115,0.988822012038,-0.00614052460587,23,OK
NGC6674,15,11,6.04,72.41,241.3,242,1.00290095317,-0.0687994340352,11,OK
NGC6789,4,0,0.31,0.71,,60.4,,,0,INSUFFICIENT_OUTER_POINTS
NGC6946,58,37,2.44,20.4,158.9,154,0.969162995595,-0.150496132654,37,OK
NGC7331,36,20,5.02,36.31,239,238,0.995815899582,0.0197130874488,20,OK
NGC7793,46,12,1.21,7.87,,90.8,,-0.279727515978,12,INVALID_VFLAT
NGC7814,18,11,2.54,19.53,218.9,214,0.977615349475,-0.0612315729817,11,OK
PGC51017,6,4,0.53,3.63,18.6,18.3,0.983870967742,-0.0752903670912,4,OK
UGC00128,22,15,5.95,53.75,129.3,125,0.966744006187,0.0151075435787,15,OK
UGC00191,9,3,1.58,9.98,,83.85,,0.129248292433,3,INVALID_VFLAT
UGC00634,4,3,2.45,18.01,,107.5,,0.145191321834,3,INVALID_VFLAT
UGC00731,12,5,2.3,10.91,73.3,73.9,1.00818553888,0.0736827992636,5,OK
UGC00891,5,3,1.43,7.39,,63.75,,0.323976215672,3,INVALID_VFLAT
UGC01230,11,5,4.34,36.54,103.7,103,0.99324975892,-0.0805426726684,5,OK
UGC01281,25,1,1.63,4.99,55.2,56.9,1.03079710145,,1,INSUFFICIENT_OUTER_POINTS
UGC02023,5,0,1.55,3.78,,58.8,,,0,INSUFFICIENT_OUTER_POINTS
UGC02259,8,4,1.62,8.14,86.2,90,1.04408352668,0.156186045777,4,OK
UGC02455,8,3,0.99,4.03,,61,,1.1504913014,3,INVALID_VFLAT
UGC02487,17,12,7.89,80.38,332,333,1.00301204819,-0.147940638368,12,OK
UGC02885,19,11,11.4,74.07,289.5,298,1.02936096718,0.101965573174,11,OK
UGC02916,43,7,6.15,38,182.7,181,0.990695128626,-0.301450209084,7,OK
UGC02953,115,41,3.55,62.39,264.9,272,1.02680256701,-0.11536709395,41,OK
UGC03205,48,20,3.19,40.04,219.6,220,1.00182149362,-0.0268555732456,20,OK
UGC03546,30,10,3.79,29.23,196.9,193,0.980192991366,-0.0792338245806,10,OK
UGC03580,47,16,2.43,27.06,126.2,124,0.982567353407,0.154307838476,16,OK
UGC04278,25,1,2.21,6.69,91.4,92.8,1.01531728665,,1,INSUFFICIENT_OUTER_POINTS
UGC04305,22,9,1.16,5.52,34.5,33,0.95652173913,0.231825572179,9,OK
UGC04325,8,1,1.86,5.59,90.9,91.5,1.00660066007,,1,INSUFFICIENT_OUTER_POINTS
UGC04483,8,5,0.18,1.21,,24.2,,0.243260877318,5,INVALID_VFLAT
UGC04499,9,4,1.73,8.18,72.8,74.3,1.0206043956,0.11985696679,4,OK
UGC05005,11,5,3.2,28.61,98.9,99.1,1.00202224469,0.245784846076,5,OK
UGC05253,73,9,8.07,53.29,213.7,218,1.02012166589,-0.203708317034,9,OK
UGC05414,6,0,1.47,4.11,,61.4,,,0,INSUFFICIENT_OUTER_POINTS
UGC05716,12,9,1.14,12.37,73.1,74.7,1.0218878249,0.193386641109,9,OK
UGC05721,23,17,0.38,6.74,79.7,79.5,0.997490589711,0.0116632453321,17,OK
UGC05750,11,2,3.46,22.85,,78.9,,,2,INSUFFICIENT_OUTER_POINTS
UGC05764,10,1,1.17,3.62,,49.9,,,1,INSUFFICIENT_OUTER_POINTS
UGC05829,11,2,1.99,6.91,,68.6,,,2,INSUFFICIENT_OUTER_POINTS
UGC05918,8,0,1.66,4.46,,44.5,,,0,INSUFFICIENT_OUTER_POINTS
UGC05986,15,8,1.67,9.41,113,107,0.946902654867,-0.118386738512,8,OK
UGC05999,5,3,3.22,16.22,,100,,0.212105273451,3,INVALID_VFLAT
UGC06399,9,2,2.05,7.85,85,87.6,1.03058823529,,2,INSUFFICIENT_OUTER_POINTS
UGC06446,17,10,1.49,10.22,82.2,80.1,0.974452554745,0.061751593732,10,OK
UGC06614,13,7,5.1,64.59,199.8,204,1.02102102102,0.111922818905,7,OK
UGC06628,7,0,2.82,7.69,41.8,42.3,1.01196172249,,0,INSUFFICIENT_OUTER_POINTS
UGC06667,9,0,5.15,7.85,83.8,85.7,1.02267303103,,0,INSUFFICIENT_OUTER_POINTS
UGC06786,45,14,3.6,34.05,219.4,211,0.961713764813,-0.0565132068514,14,OK
UGC06787,71,17,5.37,37.19,248.1,255,1.02781136638,0.161351723713,17,OK
UGC06818,8,4,1.39,6.98,71.2,74.4,1.04494382022,0.284885072175,4,OK
UGC06917,11,3,2.76,10.47,108.7,111,1.02115915363,0.307072322895,3,OK
UGC06923,6,2,1.44,5.16,79.6,81.1,1.01884422111,,2,INSUFFICIENT_OUTER_POINTS
UGC06930,10,4,3.94,16.61,107.2,108,1.00746268657,-0.0284855141134,4,OK
UGC06973,9,7,1.07,7.85,174.2,180,1.03329506315,0.0736654560243,7,OK
UGC06983,17,7,3.21,15.68,109,109,1,-0.0807437475386,7,OK
UGC07089,12,4,2.26,9.16,,79.1,,0.440509094347,4,INVALID_VFLAT
UGC07125,13,6,3.38,18.68,65.2,64.9,0.995398773006,0.00302266614909,6,OK
UGC07151,11,4,1.25,5.5,73.5,76.2,1.03673469388,0.204717335633,4,OK
UGC07232,4,0,0.29,0.82,,44,,,0,INSUFFICIENT_OUTER_POINTS
UGC07261,7,4,1.2,6.67,74.7,76.1,1.0187416332,0.155599083327,4,OK
UGC07323,10,0,2.26,5.82,,85.6,,,0,INSUFFICIENT_OUTER_POINTS
UGC07399,10,2,1.64,6.13,103,106,1.02912621359,,2,INSUFFICIENT_OUTER_POINTS
UGC07524,31,1,3.46,10.69,79.5,79,0.993710691824,,1,INSUFFICIENT_OUTER_POINTS
UGC07559,7,3,0.58,2.53,,32.1,,0.2289153012,3,INVALID_VFLAT
UGC07577,9,0,0.9,1.69,,17.8,,,0,INSUFFICIENT_OUTER_POINTS
UGC07603,12,8,0.53,4.11,61.6,64,1.03896103896,0.104765027765,8,OK
UGC07608,8,1,1.5,4.78,,69.3,,,1,INSUFFICIENT_OUTER_POINTS
UGC07690,7,5,0.57,4.13,57.4,55.9,0.973867595819,-0.0940706139826,5,OK
UGC07866,7,2,0.61,2.32,,33.1,,,2,INSUFFICIENT_OUTER_POINTS
UGC08286,17,11,1.05,8.04,82.4,84.3,1.02305825243,0.115432070697,11,OK
UGC08490,30,25,0.67,10.15,78.6,77.6,0.98727735369,0.0104273318418,25,OK
UGC08550,11,9,0.45,5.36,56.9,57.5,1.01054481547,0.158699153731,9,OK
UGC08699,41,12,3.09,25.7,182.4,183,1.00328947368,-0.0306727586617,12,OK
UGC08837,8,0,1.72,4.2,,48,,,0,INSUFFICIENT_OUTER_POINTS
UGC09037,22,13,4.28,27.96,152.3,152,0.998030203546,-0.00981197291781,13,OK
UGC09133,68,29,6.97,108.31,226.8,229,1.00970017637,-0.111193337981,29,OK
UGC09992,5,1,1.04,3.89,33.6,34.3,1.02083333333,,1,INSUFFICIENT_OUTER_POINTS
UGC10310,7,3,1.8,7.74,71.4,73.2,1.02521008403,0.095084145517,3,OK
UGC11455,36,12,5.93,41.93,269.4,266,0.987379361544,-0.0908659981942,12,OK
UGC11557,12,2,2.75,10.56,,84.5,,,2,INSUFFICIENT_OUTER_POINTS
UGC11820,10,4,2.08,15.82,,84.45,,0.287992729422,4,INVALID_VFLAT
UGC11914,65,3,2.44,9.83,288.1,305,1.05866018743,0.199128121218,3,OK
UGC12506,31,17,7.38,49.99,234,225,0.961538461538,-0.148601593607,17,OK
UGC12632,15,5,2.42,10.66,71.7,73.1,1.01952580195,0.132167709169,5,OK
UGC12732,16,10,1.98,15.4,,98,,0.288110423884,10,INVALID_VFLAT
UGCA281,7,0,1.72,1.08,,29.5,,,0,INSUFFICIENT_OUTER_POINTS
UGCA442,8,4,1.18,6.33,56.4,56.5,1.00177304965,0.0728042244501,4,OK
UGCA444,36,2,0.83,2.62,37,38.3,1.03513513514,,2,INSUFFICIENT_OUTER_POINTS
